file,todo_count,dup_count,missing_frontmatter
Analysis\1-数据库系统\1.1-PostgreSQL\00-项目导航\INDEX-入口.md,2,1,no
Analysis\1-数据库系统\1.1-PostgreSQL\00-项目导航\INDEX-入口.md
,0,0,unknown
Analysis\1-数据库系统\1.1-PostgreSQL\00-项目导航\INDEX-重构版.md,2,2,no
Analysis\1-数据库系统\1.1-PostgreSQL\00-项目导航\INDEX-重构版.md
,0,0,unknown
Analysis\1-数据库系统\1.1-PostgreSQL\00-项目导航\INDEX.md,1,0,no
Analysis\1-数据库系统\1.1-PostgreSQL\00-项目导航\INDEX.md
,0,0,unknown
Analysis\1-数据库系统\1.1-PostgreSQL\00-项目导航\README.md,1,1,no
Analysis\1-数据库系统\1.1-PostgreSQL\00-项目导航\README.md
,0,0,unknown
Analysis\1-数据库系统\1.1-PostgreSQL\00-项目导航\Wiki术语对齐.md,7,0,no
Analysis\1-数据库系统\1.1-PostgreSQL\00-项目导航\Wiki术语对齐.md
,0,0,unknown
Analysis\1-数据库系统\1.1-PostgreSQL\00-项目导航\占位文档补全优先级.md,6,0,no
Analysis\1-数据库系统\1.1-PostgreSQL\00-项目导航\占位文档补全优先级.md
,0,0,unknown
Analysis\1-数据库系统\1.1-PostgreSQL\00-项目导航\学习路径指南.md,2,0,no
Analysis\1-数据库系统\1.1-PostgreSQL\00-项目导航\学习路径指南.md
,0,0,unknown
Analysis\1-数据库系统\1.1-PostgreSQL\00-项目导航\对齐与升级计划.md,5,2,no
Analysis\1-数据库系统\1.1-PostgreSQL\00-项目导航\对齐与升级计划.md
,0,0,unknown
Analysis\1-数据库系统\1.1-PostgreSQL\00-项目导航\对齐追踪矩阵.md,8,3,no
Analysis\1-数据库系统\1.1-PostgreSQL\00-项目导航\对齐追踪矩阵.md
,0,0,unknown
Analysis\1-数据库系统\1.1-PostgreSQL\00-项目导航\术语表.md,1,0,no
Analysis\1-数据库系统\1.1-PostgreSQL\00-项目导航\术语表.md
,0,0,unknown
Analysis\1-数据库系统\1.1-PostgreSQL\00-项目导航\规范-命名与分组.md,3,2,no
Analysis\1-数据库系统\1.1-PostgreSQL\00-项目导航\规范-命名与分组.md
,0,0,unknown
Analysis\1-数据库系统\1.1-PostgreSQL\00-项目导航\课程对齐映射.md,2,1,no
Analysis\1-数据库系统\1.1-PostgreSQL\00-项目导航\课程对齐映射.md
,0,0,unknown
Analysis\1-数据库系统\1.1-PostgreSQL\00-项目导航\贡献指南.md,1,1,no
Analysis\1-数据库系统\1.1-PostgreSQL\00-项目导航\贡献指南.md
,0,0,unknown
Analysis\1-数据库系统\1.1-PostgreSQL\00-项目导航\验证闭环模板.md,1,0,no
Analysis\1-数据库系统\1.1-PostgreSQL\00-项目导航\验证闭环模板.md
,0,0,unknown
Analysis\1-数据库系统\1.1-PostgreSQL\01-核心基础\01.01-系统架构与设计原理.md,2,0,no
Analysis\1-数据库系统\1.1-PostgreSQL\01-核心基础\01.01-系统架构与设计原理.md
,0,0,unknown
Analysis\1-数据库系统\1.1-PostgreSQL\01-核心基础\01.02-关系数据模型与理论.md,1,0,no
Analysis\1-数据库系统\1.1-PostgreSQL\01-核心基础\01.02-关系数据模型与理论.md
,0,0,unknown
Analysis\1-数据库系统\1.1-PostgreSQL\01-核心基础\01.03-SQL语言规范与标准.md,1,0,no
Analysis\1-数据库系统\1.1-PostgreSQL\01-核心基础\01.03-SQL语言规范与标准.md
,0,0,unknown
Analysis\1-数据库系统\1.1-PostgreSQL\01-核心基础\01.04-事务管理与ACID特性.md,1,0,no
Analysis\1-数据库系统\1.1-PostgreSQL\01-核心基础\01.04-事务管理与ACID特性.md
,0,0,unknown
Analysis\1-数据库系统\1.1-PostgreSQL\01-核心基础\01.05-并发控制与MVCC机制.md,1,0,no
Analysis\1-数据库系统\1.1-PostgreSQL\01-核心基础\01.05-并发控制与MVCC机制.md
,0,0,unknown
Analysis\1-数据库系统\1.1-PostgreSQL\01-核心基础\01.06-存储管理与数据持久化.md,1,4,no
Analysis\1-数据库系统\1.1-PostgreSQL\01-核心基础\01.06-存储管理与数据持久化.md
,0,0,unknown
Analysis\1-数据库系统\1.1-PostgreSQL\02-查询处理\02.01-查询优化器原理.md,2,2,no
Analysis\1-数据库系统\1.1-PostgreSQL\02-查询处理\02.01-查询优化器原理.md
,0,0,unknown
Analysis\1-数据库系统\1.1-PostgreSQL\02-查询处理\02.02-索引结构与优化.md,1,0,no
Analysis\1-数据库系统\1.1-PostgreSQL\02-查询处理\02.02-索引结构与优化.md
,0,0,unknown
Analysis\1-数据库系统\1.1-PostgreSQL\02-查询处理\02.03-统计信息与代价模型.md,1,0,no
Analysis\1-数据库系统\1.1-PostgreSQL\02-查询处理\02.03-统计信息与代价模型.md
,0,0,unknown
Analysis\1-数据库系统\1.1-PostgreSQL\02-查询处理\02.04-执行计划与性能调优.md,1,0,no
Analysis\1-数据库系统\1.1-PostgreSQL\02-查询处理\02.04-执行计划与性能调优.md
,0,0,unknown
Analysis\1-数据库系统\1.1-PostgreSQL\02-查询处理\02.05-并行查询处理.md,1,0,no
Analysis\1-数据库系统\1.1-PostgreSQL\02-查询处理\02.05-并行查询处理.md
,0,0,unknown
Analysis\1-数据库系统\1.1-PostgreSQL\03-高级特性\03.01-扩展系统与插件开发.md,1,0,no
Analysis\1-数据库系统\1.1-PostgreSQL\03-高级特性\03.01-扩展系统与插件开发.md
,0,0,unknown
Analysis\1-数据库系统\1.1-PostgreSQL\03-高级特性\03.02-安全机制与访问控制.md,1,0,no
Analysis\1-数据库系统\1.1-PostgreSQL\03-高级特性\03.02-安全机制与访问控制.md
,0,0,unknown
Analysis\1-数据库系统\1.1-PostgreSQL\03-高级特性\03.03-流处理与CEP.md,1,0,no
Analysis\1-数据库系统\1.1-PostgreSQL\03-高级特性\03.03-流处理与CEP.md
,0,0,unknown
Analysis\1-数据库系统\1.1-PostgreSQL\03-高级特性\03.04-机器学习集成.md,1,0,no
Analysis\1-数据库系统\1.1-PostgreSQL\03-高级特性\03.04-机器学习集成.md
,0,0,unknown
Analysis\1-数据库系统\1.1-PostgreSQL\03-高级特性\03.05-向量数据库支持.md,1,0,no
Analysis\1-数据库系统\1.1-PostgreSQL\03-高级特性\03.05-向量数据库支持.md
,0,0,unknown
Analysis\1-数据库系统\1.1-PostgreSQL\03-高级特性\03.06-图数据库功能.md,1,0,no
Analysis\1-数据库系统\1.1-PostgreSQL\03-高级特性\03.06-图数据库功能.md
,0,0,unknown
Analysis\1-数据库系统\1.1-PostgreSQL\04-部署运维\04.01-单机部署与配置.md,1,1,no
Analysis\1-数据库系统\1.1-PostgreSQL\04-部署运维\04.01-单机部署与配置.md
,0,0,unknown
Analysis\1-数据库系统\1.1-PostgreSQL\04-部署运维\04.02-集群部署与高可用.md,1,0,no
Analysis\1-数据库系统\1.1-PostgreSQL\04-部署运维\04.02-集群部署与高可用.md
,0,0,unknown
Analysis\1-数据库系统\1.1-PostgreSQL\04-部署运维\04.03-云原生与容器化.md,1,1,no
Analysis\1-数据库系统\1.1-PostgreSQL\04-部署运维\04.03-云原生与容器化.md
,0,0,unknown
Analysis\1-数据库系统\1.1-PostgreSQL\04-部署运维\04.04-监控与诊断.md,1,0,no
Analysis\1-数据库系统\1.1-PostgreSQL\04-部署运维\04.04-监控与诊断.md
,0,0,unknown
Analysis\1-数据库系统\1.1-PostgreSQL\04-部署运维\04.05-备份与恢复.md,1,5,no
Analysis\1-数据库系统\1.1-PostgreSQL\04-部署运维\04.05-备份与恢复.md
,0,0,unknown
Analysis\1-数据库系统\1.1-PostgreSQL\04-部署运维\04.06-性能调优实践.md,1,2,no
Analysis\1-数据库系统\1.1-PostgreSQL\04-部署运维\04.06-性能调优实践.md
,0,0,unknown
Analysis\1-数据库系统\1.1-PostgreSQL\05-前沿技术\05.01-PostgreSQL-2025新特性.md,2,0,no
Analysis\1-数据库系统\1.1-PostgreSQL\05-前沿技术\05.01-PostgreSQL-2025新特性.md
,0,0,unknown
Analysis\1-数据库系统\1.1-PostgreSQL\05-前沿技术\05.02-AI模型深度集成.md,2,1,no
Analysis\1-数据库系统\1.1-PostgreSQL\05-前沿技术\05.02-AI模型深度集成.md
,0,0,unknown
Analysis\1-数据库系统\1.1-PostgreSQL\05-前沿技术\05.03-分布式架构设计.md,1,0,no
Analysis\1-数据库系统\1.1-PostgreSQL\05-前沿技术\05.03-分布式架构设计.md
,0,0,unknown
Analysis\1-数据库系统\1.1-PostgreSQL\05-前沿技术\05.04-边缘计算支持.md,1,0,no
Analysis\1-数据库系统\1.1-PostgreSQL\05-前沿技术\05.04-边缘计算支持.md
,0,0,unknown
Analysis\1-数据库系统\1.1-PostgreSQL\05-前沿技术\05.05-量子计算准备.md,1,0,no
Analysis\1-数据库系统\1.1-PostgreSQL\05-前沿技术\05.05-量子计算准备.md
,0,0,unknown
Analysis\1-数据库系统\1.1-PostgreSQL\06-形式化理论\06.01-关系代数与演算.md,1,0,no
Analysis\1-数据库系统\1.1-PostgreSQL\06-形式化理论\06.01-关系代数与演算.md
,0,0,unknown
Analysis\1-数据库系统\1.1-PostgreSQL\06-形式化理论\06.02-事务隔离理论.md,1,0,no
Analysis\1-数据库系统\1.1-PostgreSQL\06-形式化理论\06.02-事务隔离理论.md
,0,0,unknown
Analysis\1-数据库系统\1.1-PostgreSQL\06-形式化理论\06.03-并发控制形式化.md,1,0,no
Analysis\1-数据库系统\1.1-PostgreSQL\06-形式化理论\06.03-并发控制形式化.md
,0,0,unknown
Analysis\1-数据库系统\1.1-PostgreSQL\06-形式化理论\06.04-查询优化理论.md,1,1,no
Analysis\1-数据库系统\1.1-PostgreSQL\06-形式化理论\06.04-查询优化理论.md
,0,0,unknown
Analysis\1-数据库系统\1.1-PostgreSQL\06-形式化理论\06.05-索引结构证明.md,1,0,no
Analysis\1-数据库系统\1.1-PostgreSQL\06-形式化理论\06.05-索引结构证明.md
,0,0,unknown
Analysis\1-数据库系统\1.1-PostgreSQL\06-形式化理论\06.06-分布式一致性理论.md,1,0,no
Analysis\1-数据库系统\1.1-PostgreSQL\06-形式化理论\06.06-分布式一致性理论.md
,0,0,unknown
Analysis\1-数据库系统\1.1-PostgreSQL\07-应用实践\07.01-金融科技应用.md,1,0,no
Analysis\1-数据库系统\1.1-PostgreSQL\07-应用实践\07.01-金融科技应用.md
,0,0,unknown
Analysis\1-数据库系统\1.1-PostgreSQL\07-应用实践\07.02-电商平台应用.md,1,0,no
Analysis\1-数据库系统\1.1-PostgreSQL\07-应用实践\07.02-电商平台应用.md
,0,0,unknown
Analysis\1-数据库系统\1.1-PostgreSQL\07-应用实践\07.03-物联网数据处理.md,1,0,no
Analysis\1-数据库系统\1.1-PostgreSQL\07-应用实践\07.03-物联网数据处理.md
,0,0,unknown
Analysis\1-数据库系统\1.1-PostgreSQL\07-应用实践\07.04-内容管理系统.md,1,2,no
Analysis\1-数据库系统\1.1-PostgreSQL\07-应用实践\07.04-内容管理系统.md
,0,0,unknown
Analysis\1-数据库系统\1.1-PostgreSQL\07-应用实践\07.05-实时推荐系统.md,1,0,no
Analysis\1-数据库系统\1.1-PostgreSQL\07-应用实践\07.05-实时推荐系统.md
,0,0,unknown
Analysis\1-数据库系统\1.1-PostgreSQL\07-应用实践\07.06-数据科学实践.md,1,0,no
Analysis\1-数据库系统\1.1-PostgreSQL\07-应用实践\07.06-数据科学实践.md
,0,0,unknown
Analysis\1-数据库系统\1.1-PostgreSQL\08-工具资源\08.01-质量检查工具.md,1,0,no
Analysis\1-数据库系统\1.1-PostgreSQL\08-工具资源\08.01-质量检查工具.md
,0,0,unknown
Analysis\1-数据库系统\1.1-PostgreSQL\08-工具资源\08.02-知识图谱构建.md,1,0,no
Analysis\1-数据库系统\1.1-PostgreSQL\08-工具资源\08.02-知识图谱构建.md
,0,0,unknown
Analysis\1-数据库系统\1.1-PostgreSQL\08-工具资源\08.03-国际化标准指南.md,1,0,no
Analysis\1-数据库系统\1.1-PostgreSQL\08-工具资源\08.03-国际化标准指南.md
,0,0,unknown
Analysis\1-数据库系统\1.1-PostgreSQL\08-工具资源\08.04-最佳实践总结.md,2,1,no
Analysis\1-数据库系统\1.1-PostgreSQL\08-工具资源\08.04-最佳实践总结.md
,0,0,unknown
Analysis\1-数据库系统\1.1-PostgreSQL\08-工具资源\08.05-学习资源导航.md,1,0,no
Analysis\1-数据库系统\1.1-PostgreSQL\08-工具资源\08.05-学习资源导航.md
,0,0,unknown
Analysis\1-数据库系统\1.1-PostgreSQL\1.1.1-形式模型.md
,0,0,unknown
Analysis\1-数据库系统\1.1-PostgreSQL\1.1.10-MVCC与其他并发控制模型对比与极限分析.md
,0,0,unknown
Analysis\1-数据库系统\1.1-PostgreSQL\1.1.10-扩展系统.md,1,0,no
Analysis\1-数据库系统\1.1-PostgreSQL\1.1.10-扩展系统.md
,0,0,unknown
Analysis\1-数据库系统\1.1-PostgreSQL\1.1.100-数据库流处理模型-流查询语言与窗口操作的形式化.md,1,0,no
Analysis\1-数据库系统\1.1-PostgreSQL\1.1.100-数据库流处理模型-流查询语言与窗口操作的形式化.md
,0,0,unknown
Analysis\1-数据库系统\1.1-PostgreSQL\1.1.101-数据库事件处理模型-复杂事件处理与模式匹配的形式化.md,1,0,no
Analysis\1-数据库系统\1.1-PostgreSQL\1.1.101-数据库事件处理模型-复杂事件处理与模式匹配的形式化.md
,0,0,unknown
Analysis\1-数据库系统\1.1-PostgreSQL\1.1.102-数据库知识图谱模型-图数据库与语义查询的形式化.md,1,0,no
Analysis\1-数据库系统\1.1-PostgreSQL\1.1.102-数据库知识图谱模型-图数据库与语义查询的形式化.md
,0,0,unknown
Analysis\1-数据库系统\1.1-PostgreSQL\1.1.103-数据库区块链模型-分布式账本与共识机制的形式化.md,1,0,no
Analysis\1-数据库系统\1.1-PostgreSQL\1.1.103-数据库区块链模型-分布式账本与共识机制的形式化.md
,0,0,unknown
Analysis\1-数据库系统\1.1-PostgreSQL\1.1.104-数据库量子计算模型-量子数据库与量子查询的形式化.md,1,0,no
Analysis\1-数据库系统\1.1-PostgreSQL\1.1.104-数据库量子计算模型-量子数据库与量子查询的形式化.md
,0,0,unknown
Analysis\1-数据库系统\1.1-PostgreSQL\1.1.105-数据库联邦查询模型-多数据源集成与查询分解的形式化.md,1,0,no
Analysis\1-数据库系统\1.1-PostgreSQL\1.1.105-数据库联邦查询模型-多数据源集成与查询分解的形式化.md
,0,0,unknown
Analysis\1-数据库系统\1.1-PostgreSQL\1.1.106-数据库数据仓库模型-OLAP查询与多维分析的形式化.md,1,0,no
Analysis\1-数据库系统\1.1-PostgreSQL\1.1.106-数据库数据仓库模型-OLAP查询与多维分析的形式化.md
,0,0,unknown
Analysis\1-数据库系统\1.1-PostgreSQL\1.1.107-数据库数据湖模型-半结构化数据与元数据管理的形式化.md,1,0,no
Analysis\1-数据库系统\1.1-PostgreSQL\1.1.107-数据库数据湖模型-半结构化数据与元数据管理的形式化.md
,0,0,unknown
Analysis\1-数据库系统\1.1-PostgreSQL\1.1.108-数据库数据网格模型-分布式数据治理与访问控制的形式化.md,1,0,no
Analysis\1-数据库系统\1.1-PostgreSQL\1.1.108-数据库数据网格模型-分布式数据治理与访问控制的形式化.md
,0,0,unknown
Analysis\1-数据库系统\1.1-PostgreSQL\1.1.109-数据库数据虚拟化模型-虚拟视图与查询重写的形式化.md,1,0,no
Analysis\1-数据库系统\1.1-PostgreSQL\1.1.109-数据库数据虚拟化模型-虚拟视图与查询重写的形式化.md
,0,0,unknown
Analysis\1-数据库系统\1.1-PostgreSQL\1.1.11-PostgreSQL系统设计与现代硬件AI场景适配性分析.md
,0,0,unknown
Analysis\1-数据库系统\1.1-PostgreSQL\1.1.11-分布式事务.md,1,0,no
Analysis\1-数据库系统\1.1-PostgreSQL\1.1.11-分布式事务.md
,0,0,unknown
Analysis\1-数据库系统\1.1-PostgreSQL\1.1.110-数据库数据血缘模型-数据溯源与影响分析的形式化.md,1,0,no
Analysis\1-数据库系统\1.1-PostgreSQL\1.1.110-数据库数据血缘模型-数据溯源与影响分析的形式化.md
,0,0,unknown
Analysis\1-数据库系统\1.1-PostgreSQL\1.1.111-数据库数据质量模型-质量评估与清洗策略的形式化.md,1,0,no
Analysis\1-数据库系统\1.1-PostgreSQL\1.1.111-数据库数据质量模型-质量评估与清洗策略的形式化.md
,0,0,unknown
Analysis\1-数据库系统\1.1-PostgreSQL\1.1.112-数据库数据隐私模型-隐私保护与匿名化技术的形式化.md,1,0,no
Analysis\1-数据库系统\1.1-PostgreSQL\1.1.112-数据库数据隐私模型-隐私保护与匿名化技术的形式化.md
,0,0,unknown
Analysis\1-数据库系统\1.1-PostgreSQL\1.1.113-数据库数据治理模型-治理策略与合规性检查的形式化.md,1,0,no
Analysis\1-数据库系统\1.1-PostgreSQL\1.1.113-数据库数据治理模型-治理策略与合规性检查的形式化.md
,0,0,unknown
Analysis\1-数据库系统\1.1-PostgreSQL\1.1.114-数据库数据集成模型-ETL流程与数据转换的形式化.md,1,0,no
Analysis\1-数据库系统\1.1-PostgreSQL\1.1.114-数据库数据集成模型-ETL流程与数据转换的形式化.md
,0,0,unknown
Analysis\1-数据库系统\1.1-PostgreSQL\1.1.115-数据库数据流模型-流式ETL与实时处理的形式化.md,1,0,no
Analysis\1-数据库系统\1.1-PostgreSQL\1.1.115-数据库数据流模型-流式ETL与实时处理的形式化.md
,0,0,unknown
Analysis\1-数据库系统\1.1-PostgreSQL\1.1.116-数据库数据管道模型-管道编排与调度优化的形式化.md,1,0,no
Analysis\1-数据库系统\1.1-PostgreSQL\1.1.116-数据库数据管道模型-管道编排与调度优化的形式化.md
,0,0,unknown
Analysis\1-数据库系统\1.1-PostgreSQL\1.1.117-数据库数据编排模型-工作流引擎与状态管理的形式化.md,1,0,no
Analysis\1-数据库系统\1.1-PostgreSQL\1.1.117-数据库数据编排模型-工作流引擎与状态管理的形式化.md
,0,0,unknown
Analysis\1-数据库系统\1.1-PostgreSQL\1.1.118-数据库数据编排模型-编排语言与语义的形式化.md,1,0,no
Analysis\1-数据库系统\1.1-PostgreSQL\1.1.118-数据库数据编排模型-编排语言与语义的形式化.md
,0,0,unknown
Analysis\1-数据库系统\1.1-PostgreSQL\1.1.119-数据库数据编排模型-编排验证与形式化验证的形式化.md,1,0,no
Analysis\1-数据库系统\1.1-PostgreSQL\1.1.119-数据库数据编排模型-编排验证与形式化验证的形式化.md
,0,0,unknown
Analysis\1-数据库系统\1.1-PostgreSQL\1.1.12-PostgreSQL与主流数据库系统对比分析.md
,0,0,unknown
Analysis\1-数据库系统\1.1-PostgreSQL\1.1.12-流式处理.md,1,0,no
Analysis\1-数据库系统\1.1-PostgreSQL\1.1.12-流式处理.md
,0,0,unknown
Analysis\1-数据库系统\1.1-PostgreSQL\1.1.120-数据库数据编排模型-编排优化与性能分析的形式化.md,1,0,no
Analysis\1-数据库系统\1.1-PostgreSQL\1.1.120-数据库数据编排模型-编排优化与性能分析的形式化.md
,0,0,unknown
Analysis\1-数据库系统\1.1-PostgreSQL\1.1.121-数据库数据编排模型-编排监控与可观测性的形式化.md,1,0,no
Analysis\1-数据库系统\1.1-PostgreSQL\1.1.121-数据库数据编排模型-编排监控与可观测性的形式化.md
,0,0,unknown
Analysis\1-数据库系统\1.1-PostgreSQL\1.1.122-数据库数据编排模型-编排安全与访问控制的形式化.md,1,0,no
Analysis\1-数据库系统\1.1-PostgreSQL\1.1.122-数据库数据编排模型-编排安全与访问控制的形式化.md
,0,0,unknown
Analysis\1-数据库系统\1.1-PostgreSQL\1.1.123-数据库数据编排模型-编排容错与故障恢复的形式化.md,1,0,no
Analysis\1-数据库系统\1.1-PostgreSQL\1.1.123-数据库数据编排模型-编排容错与故障恢复的形式化.md
,0,0,unknown
Analysis\1-数据库系统\1.1-PostgreSQL\1.1.124-数据库数据编排模型-编排扩展性与弹性伸缩的形式化.md,1,0,no
Analysis\1-数据库系统\1.1-PostgreSQL\1.1.124-数据库数据编排模型-编排扩展性与弹性伸缩的形式化.md
,0,0,unknown
Analysis\1-数据库系统\1.1-PostgreSQL\1.1.125-数据库数据编排模型-编排成本与资源优化的形式化.md,1,2,no
Analysis\1-数据库系统\1.1-PostgreSQL\1.1.125-数据库数据编排模型-编排成本与资源优化的形式化.md
,0,0,unknown
Analysis\1-数据库系统\1.1-PostgreSQL\1.1.126-数据库数据编排模型-编排治理与合规性的形式化.md,1,0,no
Analysis\1-数据库系统\1.1-PostgreSQL\1.1.126-数据库数据编排模型-编排治理与合规性的形式化.md
,0,0,unknown
Analysis\1-数据库系统\1.1-PostgreSQL\1.1.127-数据库数据编排模型-编排创新与前沿技术的形式化.md,1,1,no
Analysis\1-数据库系统\1.1-PostgreSQL\1.1.127-数据库数据编排模型-编排创新与前沿技术的形式化.md
,0,0,unknown
Analysis\1-数据库系统\1.1-PostgreSQL\1.1.128-数据库数据编排模型-编排生态与标准化的形式化.md,1,0,no
Analysis\1-数据库系统\1.1-PostgreSQL\1.1.128-数据库数据编排模型-编排生态与标准化的形式化.md
,0,0,unknown
Analysis\1-数据库系统\1.1-PostgreSQL\1.1.129-数据库数据编排模型-编排总结与展望的形式化.md,1,0,no
Analysis\1-数据库系统\1.1-PostgreSQL\1.1.129-数据库数据编排模型-编排总结与展望的形式化.md
,0,0,unknown
Analysis\1-数据库系统\1.1-PostgreSQL\1.1.13-未解难题与未来研究方向.md
,0,0,unknown
Analysis\1-数据库系统\1.1-PostgreSQL\1.1.13-机器学习集成.md,1,0,no
Analysis\1-数据库系统\1.1-PostgreSQL\1.1.13-机器学习集成.md
,0,0,unknown
Analysis\1-数据库系统\1.1-PostgreSQL\1.1.130-数据库系统理论总结-核心定理与证明体系的形式化.md,1,0,no
Analysis\1-数据库系统\1.1-PostgreSQL\1.1.130-数据库系统理论总结-核心定理与证明体系的形式化.md
,0,0,unknown
Analysis\1-数据库系统\1.1-PostgreSQL\1.1.131-数据库系统应用总结-技术栈与架构模式的形式化.md,1,0,no
Analysis\1-数据库系统\1.1-PostgreSQL\1.1.131-数据库系统应用总结-技术栈与架构模式的形式化.md
,0,0,unknown
Analysis\1-数据库系统\1.1-PostgreSQL\1.1.132-数据库系统前沿总结-新兴技术与发展趋势的形式化.md,1,0,no
Analysis\1-数据库系统\1.1-PostgreSQL\1.1.132-数据库系统前沿总结-新兴技术与发展趋势的形式化.md
,0,0,unknown
Analysis\1-数据库系统\1.1-PostgreSQL\1.1.133-数据库系统生态总结-开源生态与产业发展的形式化.md,1,1,no
Analysis\1-数据库系统\1.1-PostgreSQL\1.1.133-数据库系统生态总结-开源生态与产业发展的形式化.md
,0,0,unknown
Analysis\1-数据库系统\1.1-PostgreSQL\1.1.134-数据库系统方法论总结-研究方法与工程实践的形式化.md,1,0,no
Analysis\1-数据库系统\1.1-PostgreSQL\1.1.134-数据库系统方法论总结-研究方法与工程实践的形式化.md
,0,0,unknown
Analysis\1-数据库系统\1.1-PostgreSQL\1.1.135-数据库系统深度关联分析-跨领域理论与技术融合的形式化.md,1,0,no
Analysis\1-数据库系统\1.1-PostgreSQL\1.1.135-数据库系统深度关联分析-跨领域理论与技术融合的形式化.md
,0,0,unknown
Analysis\1-数据库系统\1.1-PostgreSQL\1.1.136-数据库系统广度关联分析-多维度理论与应用映射的形式化.md,1,0,no
Analysis\1-数据库系统\1.1-PostgreSQL\1.1.136-数据库系统广度关联分析-多维度理论与应用映射的形式化.md
,0,0,unknown
Analysis\1-数据库系统\1.1-PostgreSQL\1.1.137-数据库系统形式证明体系-严格数学证明与逻辑推理的形式化.md,1,0,no
Analysis\1-数据库系统\1.1-PostgreSQL\1.1.137-数据库系统形式证明体系-严格数学证明与逻辑推理的形式化.md
,0,0,unknown
Analysis\1-数据库系统\1.1-PostgreSQL\1.1.138-数据库系统论证体系-逻辑论证与批判性思维的形式化.md,1,0,no
Analysis\1-数据库系统\1.1-PostgreSQL\1.1.138-数据库系统论证体系-逻辑论证与批判性思维的形式化.md
,0,0,unknown
Analysis\1-数据库系统\1.1-PostgreSQL\1.1.139-数据库系统批判性严谨性-理论批判与方法论反思的形式化.md,1,0,no
Analysis\1-数据库系统\1.1-PostgreSQL\1.1.139-数据库系统批判性严谨性-理论批判与方法论反思的形式化.md
,0,0,unknown
Analysis\1-数据库系统\1.1-PostgreSQL\1.1.14-向量数据库.md,1,0,no
Analysis\1-数据库系统\1.1-PostgreSQL\1.1.14-向量数据库.md
,0,0,unknown
Analysis\1-数据库系统\1.1-PostgreSQL\1.1.14-实时流处理与CEP-扩充版.md,1,2,no
Analysis\1-数据库系统\1.1-PostgreSQL\1.1.14-实时流处理与CEP-扩充版.md
,0,0,unknown
Analysis\1-数据库系统\1.1-PostgreSQL\1.1.14-实时流处理与CEP.md,1,0,no
Analysis\1-数据库系统\1.1-PostgreSQL\1.1.14-实时流处理与CEP.md
,0,0,unknown
Analysis\1-数据库系统\1.1-PostgreSQL\1.1.144-PostgreSQL-2025年新特性深度分析.md,1,0,no
Analysis\1-数据库系统\1.1-PostgreSQL\1.1.144-PostgreSQL-2025年新特性深度分析.md
,0,0,unknown
Analysis\1-数据库系统\1.1-PostgreSQL\1.1.145-PostgreSQL-2025特性-落地指南与实操.md,2,0,no
Analysis\1-数据库系统\1.1-PostgreSQL\1.1.145-PostgreSQL-2025特性-落地指南与实操.md
,0,0,unknown
Analysis\1-数据库系统\1.1-PostgreSQL\1.1.146-PostgreSQL-2025-实验与基准.md,2,0,no
Analysis\1-数据库系统\1.1-PostgreSQL\1.1.146-PostgreSQL-2025-实验与基准.md
,0,0,unknown
Analysis\1-数据库系统\1.1-PostgreSQL\1.1.147-PostgreSQL概念定义国际化标准示例.md
,0,0,unknown
Analysis\1-数据库系统\1.1-PostgreSQL\1.1.148-PostgreSQL查询优化器国际化标准定义.md
,0,0,unknown
Analysis\1-数据库系统\1.1-PostgreSQL\1.1.149-PostgreSQL-2025全栈特性与部署方式深度分析.md,0,1,no
Analysis\1-数据库系统\1.1-PostgreSQL\1.1.149-PostgreSQL-2025全栈特性与部署方式深度分析.md
,0,0,unknown
Analysis\1-数据库系统\1.1-PostgreSQL\1.1.15-云原生与容器化部署-扩充版.md,2,1,no
Analysis\1-数据库系统\1.1-PostgreSQL\1.1.15-云原生与容器化部署-扩充版.md
,0,0,unknown
Analysis\1-数据库系统\1.1-PostgreSQL\1.1.15-云原生与容器化部署.md,0,9,no
Analysis\1-数据库系统\1.1-PostgreSQL\1.1.15-云原生与容器化部署.md
,0,0,unknown
Analysis\1-数据库系统\1.1-PostgreSQL\1.1.15-图数据库.md,1,0,no
Analysis\1-数据库系统\1.1-PostgreSQL\1.1.15-图数据库.md
,0,0,unknown
Analysis\1-数据库系统\1.1-PostgreSQL\1.1.150-PostgreSQL部署方式与场景对比分析.md
,0,0,unknown
Analysis\1-数据库系统\1.1-PostgreSQL\1.1.152-PostgreSQL全栈数据库语义分析与数据科学视角.md,1,0,no
Analysis\1-数据库系统\1.1-PostgreSQL\1.1.152-PostgreSQL全栈数据库语义分析与数据科学视角.md
,0,0,unknown
Analysis\1-数据库系统\1.1-PostgreSQL\1.1.153-PostgreSQL数据科学实践指南与哲学思考.md,1,0,no
Analysis\1-数据库系统\1.1-PostgreSQL\1.1.153-PostgreSQL数据科学实践指南与哲学思考.md
,0,0,unknown
Analysis\1-数据库系统\1.1-PostgreSQL\1.1.16-性能调优与监控-扩充版.md,0,3,no
Analysis\1-数据库系统\1.1-PostgreSQL\1.1.16-性能调优与监控-扩充版.md
,0,0,unknown
Analysis\1-数据库系统\1.1-PostgreSQL\1.1.16-性能调优与监控.md,0,11,no
Analysis\1-数据库系统\1.1-PostgreSQL\1.1.16-性能调优与监控.md
,0,0,unknown
Analysis\1-数据库系统\1.1-PostgreSQL\1.1.17-安全与合规-扩充版.md,0,2,no
Analysis\1-数据库系统\1.1-PostgreSQL\1.1.17-安全与合规-扩充版.md
,0,0,unknown
Analysis\1-数据库系统\1.1-PostgreSQL\1.1.17-安全与合规.md,0,10,no
Analysis\1-数据库系统\1.1-PostgreSQL\1.1.17-安全与合规.md
,0,0,unknown
Analysis\1-数据库系统\1.1-PostgreSQL\1.1.19-PostgreSQL向量数据库深度集成.md,1,0,no
Analysis\1-数据库系统\1.1-PostgreSQL\1.1.19-PostgreSQL向量数据库深度集成.md
,0,0,unknown
Analysis\1-数据库系统\1.1-PostgreSQL\1.1.2-关系数据模型.md,1,0,no
Analysis\1-数据库系统\1.1-PostgreSQL\1.1.2-关系数据模型.md
,0,0,unknown
Analysis\1-数据库系统\1.1-PostgreSQL\1.1.2-数据模型.md,1,0,no
Analysis\1-数据库系统\1.1-PostgreSQL\1.1.2-数据模型.md
,0,0,unknown
Analysis\1-数据库系统\1.1-PostgreSQL\1.1.2-系统架构.md,1,1,no
Analysis\1-数据库系统\1.1-PostgreSQL\1.1.2-系统架构.md
,0,0,unknown
Analysis\1-数据库系统\1.1-PostgreSQL\1.1.20-PostgreSQL与AI模型深度集成架构.md,2,0,no
Analysis\1-数据库系统\1.1-PostgreSQL\1.1.20-PostgreSQL与AI模型深度集成架构.md
,0,0,unknown
Analysis\1-数据库系统\1.1-PostgreSQL\1.1.21-PostgreSQL-2025最新特性全面分析.md,1,0,no
Analysis\1-数据库系统\1.1-PostgreSQL\1.1.21-PostgreSQL-2025最新特性全面分析.md
,0,0,unknown
Analysis\1-数据库系统\1.1-PostgreSQL\1.1.22-PostgreSQL-2025代码实现与形式证明.md
,0,0,unknown
Analysis\1-数据库系统\1.1-PostgreSQL\1.1.24-PostgreSQL-2025实验与基准.md,2,0,no
Analysis\1-数据库系统\1.1-PostgreSQL\1.1.24-PostgreSQL-2025实验与基准.md
,0,0,unknown
Analysis\1-数据库系统\1.1-PostgreSQL\1.1.25-形式语言与证明-总论.md
,0,0,unknown
Analysis\1-数据库系统\1.1-PostgreSQL\1.1.26-查询语言的形式语义与等价律.md,1,0,no
Analysis\1-数据库系统\1.1-PostgreSQL\1.1.26-查询语言的形式语义与等价律.md
,0,0,unknown
Analysis\1-数据库系统\1.1-PostgreSQL\1.1.27-事务隔离与MVCC-统一形式模型与完备性证明.md,1,0,no
Analysis\1-数据库系统\1.1-PostgreSQL\1.1.27-事务隔离与MVCC-统一形式模型与完备性证明.md
,0,0,unknown
Analysis\1-数据库系统\1.1-PostgreSQL\1.1.28-向量检索与Top-k-数学模型与可近似性证明.md,1,0,no
Analysis\1-数据库系统\1.1-PostgreSQL\1.1.28-向量检索与Top-k-数学模型与可近似性证明.md
,0,0,unknown
Analysis\1-数据库系统\1.1-PostgreSQL\1.1.29-流处理与时间语义-窗口与CEP的形式化.md,1,0,no
Analysis\1-数据库系统\1.1-PostgreSQL\1.1.29-流处理与时间语义-窗口与CEP的形式化.md
,0,0,unknown
Analysis\1-数据库系统\1.1-PostgreSQL\1.1.3-SQL语言规范-改进版.md,1,0,no
Analysis\1-数据库系统\1.1-PostgreSQL\1.1.3-SQL语言规范-改进版.md
,0,0,unknown
Analysis\1-数据库系统\1.1-PostgreSQL\1.1.3-SQL语言规范.md,1,0,no
Analysis\1-数据库系统\1.1-PostgreSQL\1.1.3-SQL语言规范.md
,0,0,unknown
Analysis\1-数据库系统\1.1-PostgreSQL\1.1.3-数据模型.md,1,0,no
Analysis\1-数据库系统\1.1-PostgreSQL\1.1.3-数据模型.md
,0,0,unknown
Analysis\1-数据库系统\1.1-PostgreSQL\1.1.3-查询语言.md,1,0,no
Analysis\1-数据库系统\1.1-PostgreSQL\1.1.3-查询语言.md
,0,0,unknown
Analysis\1-数据库系统\1.1-PostgreSQL\1.1.30-安全策略与非干扰-逻辑框架与证明.md,1,0,no
Analysis\1-数据库系统\1.1-PostgreSQL\1.1.30-安全策略与非干扰-逻辑框架与证明.md
,0,0,unknown
Analysis\1-数据库系统\1.1-PostgreSQL\1.1.31-分布式一致性与CAP-形式化刻画与权衡.md,1,0,no
Analysis\1-数据库系统\1.1-PostgreSQL\1.1.31-分布式一致性与CAP-形式化刻画与权衡.md
,0,0,unknown
Analysis\1-数据库系统\1.1-PostgreSQL\1.1.32-TLA+-事务与WAL-规范纲要.md,1,0,no
Analysis\1-数据库系统\1.1-PostgreSQL\1.1.32-TLA+-事务与WAL-规范纲要.md
,0,0,unknown
Analysis\1-数据库系统\1.1-PostgreSQL\1.1.33-关系约束与规范化-函数依赖与范式证明.md,1,0,no
Analysis\1-数据库系统\1.1-PostgreSQL\1.1.33-关系约束与规范化-函数依赖与范式证明.md
,0,0,unknown
Analysis\1-数据库系统\1.1-PostgreSQL\1.1.34-代价模型与优化器-等价重写与最优性.md,1,0,no
Analysis\1-数据库系统\1.1-PostgreSQL\1.1.34-代价模型与优化器-等价重写与最优性.md
,0,0,unknown
Analysis\1-数据库系统\1.1-PostgreSQL\1.1.35-索引结构正确性-BTree_GiST_GiN不变式与证明.md,1,0,no
Analysis\1-数据库系统\1.1-PostgreSQL\1.1.35-索引结构正确性-BTree_GiST_GiN不变式与证明.md
,0,0,unknown
Analysis\1-数据库系统\1.1-PostgreSQL\1.1.36-VACUUM与可见性不变式-垃圾回收正确性.md,1,0,no
Analysis\1-数据库系统\1.1-PostgreSQL\1.1.36-VACUUM与可见性不变式-垃圾回收正确性.md
,0,0,unknown
Analysis\1-数据库系统\1.1-PostgreSQL\1.1.37-概率数据库与不确定性查询-可能世界语义.md,1,0,no
Analysis\1-数据库系统\1.1-PostgreSQL\1.1.37-概率数据库与不确定性查询-可能世界语义.md
,0,0,unknown
Analysis\1-数据库系统\1.1-PostgreSQL\1.1.38-模式映射与范畴视角-函子与自然变换.md,1,0,no
Analysis\1-数据库系统\1.1-PostgreSQL\1.1.38-模式映射与范畴视角-函子与自然变换.md
,0,0,unknown
Analysis\1-数据库系统\1.1-PostgreSQL\1.1.39-关系代数与关系演算-科德定理与可表达性.md,1,0,no
Analysis\1-数据库系统\1.1-PostgreSQL\1.1.39-关系代数与关系演算-科德定理与可表达性.md
,0,0,unknown
Analysis\1-数据库系统\1.1-PostgreSQL\1.1.4-事务管理.md,1,0,no
Analysis\1-数据库系统\1.1-PostgreSQL\1.1.4-事务管理.md
,0,0,unknown
Analysis\1-数据库系统\1.1-PostgreSQL\1.1.4-查询优化-增强版.md,0,1,no
Analysis\1-数据库系统\1.1-PostgreSQL\1.1.4-查询优化-增强版.md
,0,0,unknown
Analysis\1-数据库系统\1.1-PostgreSQL\1.1.4-查询优化.md
,0,0,unknown
Analysis\1-数据库系统\1.1-PostgreSQL\1.1.40-同态与查询包含-Containment_Equivalence判定.md,1,0,no
Analysis\1-数据库系统\1.1-PostgreSQL\1.1.40-同态与查询包含-Containment_Equivalence判定.md
,0,0,unknown
Analysis\1-数据库系统\1.1-PostgreSQL\1.1.41-Chase与Backchase-依赖下的查询最小化.md,1,0,no
Analysis\1-数据库系统\1.1-PostgreSQL\1.1.41-Chase与Backchase-依赖下的查询最小化.md
,0,0,unknown
Analysis\1-数据库系统\1.1-PostgreSQL\1.1.42-Datalog与递归查询-不动点语义与可计算性.md,1,0,no
Analysis\1-数据库系统\1.1-PostgreSQL\1.1.42-Datalog与递归查询-不动点语义与可计算性.md
,0,0,unknown
Analysis\1-数据库系统\1.1-PostgreSQL\1.1.43-半环血缘与代数-证据与不确定性传播.md,1,0,no
Analysis\1-数据库系统\1.1-PostgreSQL\1.1.43-半环血缘与代数-证据与不确定性传播.md
,0,0,unknown
Analysis\1-数据库系统\1.1-PostgreSQL\1.1.44-视图更新与可实现性-必要条件与构造.md,1,0,no
Analysis\1-数据库系统\1.1-PostgreSQL\1.1.44-视图更新与可实现性-必要条件与构造.md
,0,0,unknown
Analysis\1-数据库系统\1.1-PostgreSQL\1.1.45-BCNF与3NF-完整证明稿.md,1,0,no
Analysis\1-数据库系统\1.1-PostgreSQL\1.1.45-BCNF与3NF-完整证明稿.md
,0,0,unknown
Analysis\1-数据库系统\1.1-PostgreSQL\1.1.46-BTree插入不变式-严格归纳证明.md,1,0,no
Analysis\1-数据库系统\1.1-PostgreSQL\1.1.46-BTree插入不变式-严格归纳证明.md
,0,0,unknown
Analysis\1-数据库系统\1.1-PostgreSQL\1.1.47-事务隔离理论-完整版.md
,0,0,unknown
Analysis\1-数据库系统\1.1-PostgreSQL\1.1.47-增量物化视图-代数差分与正确性.md,1,0,no
Analysis\1-数据库系统\1.1-PostgreSQL\1.1.47-增量物化视图-代数差分与正确性.md
,0,0,unknown
Analysis\1-数据库系统\1.1-PostgreSQL\1.1.48-并发控制理论-完整版.md,1,0,no
Analysis\1-数据库系统\1.1-PostgreSQL\1.1.48-并发控制理论-完整版.md
,0,0,unknown
Analysis\1-数据库系统\1.1-PostgreSQL\1.1.48-谓词锁与幽灵现象-形式化与消除条件.md,1,0,no
Analysis\1-数据库系统\1.1-PostgreSQL\1.1.48-谓词锁与幽灵现象-形式化与消除条件.md
,0,0,unknown
Analysis\1-数据库系统\1.1-PostgreSQL\1.1.49-索引优化理论-完整版.md,1,0,no
Analysis\1-数据库系统\1.1-PostgreSQL\1.1.49-索引优化理论-完整版.md
,0,0,unknown
Analysis\1-数据库系统\1.1-PostgreSQL\1.1.49-选择率估计误差-敏感性与上界.md,1,0,no
Analysis\1-数据库系统\1.1-PostgreSQL\1.1.49-选择率估计误差-敏感性与上界.md
,0,0,unknown
Analysis\1-数据库系统\1.1-PostgreSQL\1.1.5-事务处理.md,1,0,no
Analysis\1-数据库系统\1.1-PostgreSQL\1.1.5-事务处理.md
,0,0,unknown
Analysis\1-数据库系统\1.1-PostgreSQL\1.1.5-分布式与高可用.md,1,0,no
Analysis\1-数据库系统\1.1-PostgreSQL\1.1.5-分布式与高可用.md
,0,0,unknown
Analysis\1-数据库系统\1.1-PostgreSQL\1.1.5-并发控制.md,1,0,no
Analysis\1-数据库系统\1.1-PostgreSQL\1.1.5-并发控制.md
,0,0,unknown
Analysis\1-数据库系统\1.1-PostgreSQL\1.1.50-CTE与递归查询-关系代数不动点语义.md,1,0,no
Analysis\1-数据库系统\1.1-PostgreSQL\1.1.50-CTE与递归查询-关系代数不动点语义.md
,0,0,unknown
Analysis\1-数据库系统\1.1-PostgreSQL\1.1.50-CTE递归理论-完整版.md,1,0,no
Analysis\1-数据库系统\1.1-PostgreSQL\1.1.50-CTE递归理论-完整版.md
,0,0,unknown
Analysis\1-数据库系统\1.1-PostgreSQL\1.1.51-外键与参照完整性-约束满足与级联正确性.md,1,0,no
Analysis\1-数据库系统\1.1-PostgreSQL\1.1.51-外键与参照完整性-约束满足与级联正确性.md
,0,0,unknown
Analysis\1-数据库系统\1.1-PostgreSQL\1.1.51-外键完整性理论-完整版.md,1,0,no
Analysis\1-数据库系统\1.1-PostgreSQL\1.1.51-外键完整性理论-完整版.md
,0,0,unknown
Analysis\1-数据库系统\1.1-PostgreSQL\1.1.52-窗口聚合理论-完整版.md,1,0,no
Analysis\1-数据库系统\1.1-PostgreSQL\1.1.52-窗口聚合理论-完整版.md
,0,0,unknown
Analysis\1-数据库系统\1.1-PostgreSQL\1.1.52-窗口聚合语义-稳定性与等价变换.md,1,0,no
Analysis\1-数据库系统\1.1-PostgreSQL\1.1.52-窗口聚合语义-稳定性与等价变换.md
,0,0,unknown
Analysis\1-数据库系统\1.1-PostgreSQL\1.1.53-统计估计一致性-直方图与采样误差界-完整版.md,1,0,no
Analysis\1-数据库系统\1.1-PostgreSQL\1.1.53-统计估计一致性-直方图与采样误差界-完整版.md
,0,0,unknown
Analysis\1-数据库系统\1.1-PostgreSQL\1.1.53-统计估计一致性-直方图与采样误差界.md,1,0,no
Analysis\1-数据库系统\1.1-PostgreSQL\1.1.53-统计估计一致性-直方图与采样误差界.md
,0,0,unknown
Analysis\1-数据库系统\1.1-PostgreSQL\1.1.54-调度等价-冲突与视图等价的充要关系-完整版.md,1,0,no
Analysis\1-数据库系统\1.1-PostgreSQL\1.1.54-调度等价-冲突与视图等价的充要关系-完整版.md
,0,0,unknown
Analysis\1-数据库系统\1.1-PostgreSQL\1.1.54-调度等价-冲突与视图等价的充要关系.md,1,0,no
Analysis\1-数据库系统\1.1-PostgreSQL\1.1.54-调度等价-冲突与视图等价的充要关系.md
,0,0,unknown
Analysis\1-数据库系统\1.1-PostgreSQL\1.1.55-两阶段提交-可恢复性与阻塞特性证明.md,1,0,no
Analysis\1-数据库系统\1.1-PostgreSQL\1.1.55-两阶段提交-可恢复性与阻塞特性证明.md
,0,0,unknown
Analysis\1-数据库系统\1.1-PostgreSQL\1.1.56-SAGA与补偿事务-可达性与幂等性条件.md,1,0,no
Analysis\1-数据库系统\1.1-PostgreSQL\1.1.56-SAGA与补偿事务-可达性与幂等性条件.md
,0,0,unknown
Analysis\1-数据库系统\1.1-PostgreSQL\1.1.57-ARIES日志恢复-正确性与不变式.md,1,0,no
Analysis\1-数据库系统\1.1-PostgreSQL\1.1.57-ARIES日志恢复-正确性与不变式.md
,0,0,unknown
Analysis\1-数据库系统\1.1-PostgreSQL\1.1.58-部分索引与约束排除-语义与正确性.md,1,0,no
Analysis\1-数据库系统\1.1-PostgreSQL\1.1.58-部分索引与约束排除-语义与正确性.md
,0,0,unknown
Analysis\1-数据库系统\1.1-PostgreSQL\1.1.59-表分区与分区裁剪-语义与等价.md,1,0,no
Analysis\1-数据库系统\1.1-PostgreSQL\1.1.59-表分区与分区裁剪-语义与等价.md
,0,0,unknown
Analysis\1-数据库系统\1.1-PostgreSQL\1.1.6-AI与PostgreSQL集成.md,1,0,no
Analysis\1-数据库系统\1.1-PostgreSQL\1.1.6-AI与PostgreSQL集成.md
,0,0,unknown
Analysis\1-数据库系统\1.1-PostgreSQL\1.1.6-存储管理.md,1,0,no
Analysis\1-数据库系统\1.1-PostgreSQL\1.1.6-存储管理.md
,0,0,unknown
Analysis\1-数据库系统\1.1-PostgreSQL\1.1.60-物化视图选择-查询重写等价与代价界.md
,0,0,unknown
Analysis\1-数据库系统\1.1-PostgreSQL\1.1.61-快照隔离异常谱系-形式分类与必要条件.md,1,0,no
Analysis\1-数据库系统\1.1-PostgreSQL\1.1.61-快照隔离异常谱系-形式分类与必要条件.md
,0,0,unknown
Analysis\1-数据库系统\1.1-PostgreSQL\1.1.62-线性化与串行化-对象与事务一致性的形式关系.md,1,0,no
Analysis\1-数据库系统\1.1-PostgreSQL\1.1.62-线性化与串行化-对象与事务一致性的形式关系.md
,0,0,unknown
Analysis\1-数据库系统\1.1-PostgreSQL\1.1.63-多重集语义-SQL与关系代数的bag形式化.md,1,0,no
Analysis\1-数据库系统\1.1-PostgreSQL\1.1.63-多重集语义-SQL与关系代数的bag形式化.md
,0,0,unknown
Analysis\1-数据库系统\1.1-PostgreSQL\1.1.64-死锁与等待图-检测正确性与避免策略.md,1,0,no
Analysis\1-数据库系统\1.1-PostgreSQL\1.1.64-死锁与等待图-检测正确性与避免策略.md
,0,0,unknown
Analysis\1-数据库系统\1.1-PostgreSQL\1.1.65-逻辑复制-一致性语义与冲突解算.md,1,0,no
Analysis\1-数据库系统\1.1-PostgreSQL\1.1.65-逻辑复制-一致性语义与冲突解算.md
,0,0,unknown
Analysis\1-数据库系统\1.1-PostgreSQL\1.1.66-双时态表-事务时间与有效时间的形式语义.md,1,0,no
Analysis\1-数据库系统\1.1-PostgreSQL\1.1.66-双时态表-事务时间与有效时间的形式语义.md
,0,0,unknown
Analysis\1-数据库系统\1.1-PostgreSQL\1.1.67-差分隐私-SQL聚合的灵敏度与噪声机制.md,1,0,no
Analysis\1-数据库系统\1.1-PostgreSQL\1.1.67-差分隐私-SQL聚合的灵敏度与噪声机制.md
,0,0,unknown
Analysis\1-数据库系统\1.1-PostgreSQL\1.1.68-数据血缘-why_where_how形式语义.md,1,0,no
Analysis\1-数据库系统\1.1-PostgreSQL\1.1.68-数据血缘-why_where_how形式语义.md
,0,0,unknown
Analysis\1-数据库系统\1.1-PostgreSQL\1.1.69-两阶段加锁-可串行化的严格证明.md,1,0,no
Analysis\1-数据库系统\1.1-PostgreSQL\1.1.69-两阶段加锁-可串行化的严格证明.md
,0,0,unknown
Analysis\1-数据库系统\1.1-PostgreSQL\1.1.7-向量数据库扩展.md,1,0,no
Analysis\1-数据库系统\1.1-PostgreSQL\1.1.7-向量数据库扩展.md
,0,0,unknown
Analysis\1-数据库系统\1.1-PostgreSQL\1.1.7-查询优化.md,1,0,no
Analysis\1-数据库系统\1.1-PostgreSQL\1.1.7-查询优化.md
,0,0,unknown
Analysis\1-数据库系统\1.1-PostgreSQL\1.1.70-行级安全-RLS策略语义与不可逃逸性证明.md,1,0,no
Analysis\1-数据库系统\1.1-PostgreSQL\1.1.70-行级安全-RLS策略语义与不可逃逸性证明.md
,0,0,unknown
Analysis\1-数据库系统\1.1-PostgreSQL\1.1.71-外连接与NULL-三值逻辑的形式语义.md,1,0,no
Analysis\1-数据库系统\1.1-PostgreSQL\1.1.71-外连接与NULL-三值逻辑的形式语义.md
,0,0,unknown
Analysis\1-数据库系统\1.1-PostgreSQL\1.1.72-自适应直方图-分箱策略与收敛率证明.md,1,0,no
Analysis\1-数据库系统\1.1-PostgreSQL\1.1.72-自适应直方图-分箱策略与收敛率证明.md
,0,0,unknown
Analysis\1-数据库系统\1.1-PostgreSQL\1.1.73-CRDT与最终一致-会合半格与收敛性证明.md,1,0,no
Analysis\1-数据库系统\1.1-PostgreSQL\1.1.73-CRDT与最终一致-会合半格与收敛性证明.md
,0,0,unknown
Analysis\1-数据库系统\1.1-PostgreSQL\1.1.74-可自维护物化视图-可维护性判据与构造.md,1,0,no
Analysis\1-数据库系统\1.1-PostgreSQL\1.1.74-可自维护物化视图-可维护性判据与构造.md
,0,0,unknown
Analysis\1-数据库系统\1.1-PostgreSQL\1.1.75-锁升级与降级-安全性与死锁影响的形式证明.md,1,0,no
Analysis\1-数据库系统\1.1-PostgreSQL\1.1.75-锁升级与降级-安全性与死锁影响的形式证明.md
,0,0,unknown
Analysis\1-数据库系统\1.1-PostgreSQL\1.1.76-多列相关-多元正态近似与误差分析.md,1,0,no
Analysis\1-数据库系统\1.1-PostgreSQL\1.1.76-多列相关-多元正态近似与误差分析.md
,0,0,unknown
Analysis\1-数据库系统\1.1-PostgreSQL\1.1.77-逻辑复制冲突策略-Last-Write-Wins与合并函数比较.md,1,0,no
Analysis\1-数据库系统\1.1-PostgreSQL\1.1.77-逻辑复制冲突策略-Last-Write-Wins与合并函数比较.md
,0,0,unknown
Analysis\1-数据库系统\1.1-PostgreSQL\1.1.78-统计直方图自适应分箱-一致性与复杂度证明.md,1,0,no
Analysis\1-数据库系统\1.1-PostgreSQL\1.1.78-统计直方图自适应分箱-一致性与复杂度证明.md
,0,0,unknown
Analysis\1-数据库系统\1.1-PostgreSQL\1.1.79-可自维护物化视图-键依赖与传递更新的严格证明.md,1,0,no
Analysis\1-数据库系统\1.1-PostgreSQL\1.1.79-可自维护物化视图-键依赖与传递更新的严格证明.md
,0,0,unknown
Analysis\1-数据库系统\1.1-PostgreSQL\1.1.8-MVCC高级分析与形式证明.md
,0,0,unknown
Analysis\1-数据库系统\1.1-PostgreSQL\1.1.8-索引结构.md,1,0,no
Analysis\1-数据库系统\1.1-PostgreSQL\1.1.8-索引结构.md
,0,0,unknown
Analysis\1-数据库系统\1.1-PostgreSQL\1.1.80-查询重写等价性-基于同构的充分必要条件.md,1,0,no
Analysis\1-数据库系统\1.1-PostgreSQL\1.1.80-查询重写等价性-基于同构的充分必要条件.md
,0,0,unknown
Analysis\1-数据库系统\1.1-PostgreSQL\1.1.81-并行查询调度-负载均衡与通信代价的最优化.md,1,0,no
Analysis\1-数据库系统\1.1-PostgreSQL\1.1.81-并行查询调度-负载均衡与通信代价的最优化.md
,0,0,unknown
Analysis\1-数据库系统\1.1-PostgreSQL\1.1.82-索引选择与代价模型-多目标优化的Pareto最优性.md,1,0,no
Analysis\1-数据库系统\1.1-PostgreSQL\1.1.82-索引选择与代价模型-多目标优化的Pareto最优性.md
,0,0,unknown
Analysis\1-数据库系统\1.1-PostgreSQL\1.1.83-查询优化器自适应-反馈学习与代价模型修正.md,1,0,no
Analysis\1-数据库系统\1.1-PostgreSQL\1.1.83-查询优化器自适应-反馈学习与代价模型修正.md
,0,0,unknown
Analysis\1-数据库系统\1.1-PostgreSQL\1.1.84-数据库压缩与编码-信息论下界与最优编码.md,1,0,no
Analysis\1-数据库系统\1.1-PostgreSQL\1.1.84-数据库压缩与编码-信息论下界与最优编码.md
,0,0,unknown
Analysis\1-数据库系统\1.1-PostgreSQL\1.1.85-数据库缓存策略-工作集理论与最优替换算法.md,1,0,no
Analysis\1-数据库系统\1.1-PostgreSQL\1.1.85-数据库缓存策略-工作集理论与最优替换算法.md
,0,0,unknown
Analysis\1-数据库系统\1.1-PostgreSQL\1.1.86-数据库日志压缩-增量编码与压缩率优化.md,1,2,no
Analysis\1-数据库系统\1.1-PostgreSQL\1.1.86-数据库日志压缩-增量编码与压缩率优化.md
,0,0,unknown
Analysis\1-数据库系统\1.1-PostgreSQL\1.1.87-数据库分区策略-负载均衡与查询优化的权衡.md,1,1,no
Analysis\1-数据库系统\1.1-PostgreSQL\1.1.87-数据库分区策略-负载均衡与查询优化的权衡.md
,0,0,unknown
Analysis\1-数据库系统\1.1-PostgreSQL\1.1.88-数据库备份与恢复-增量备份与时间点恢复的优化.md,1,2,no
Analysis\1-数据库系统\1.1-PostgreSQL\1.1.88-数据库备份与恢复-增量备份与时间点恢复的优化.md
,0,0,unknown
Analysis\1-数据库系统\1.1-PostgreSQL\1.1.89-数据库监控与诊断-性能瓶颈检测与根因分析.md,1,1,no
Analysis\1-数据库系统\1.1-PostgreSQL\1.1.89-数据库监控与诊断-性能瓶颈检测与根因分析.md
,0,0,unknown
Analysis\1-数据库系统\1.1-PostgreSQL\1.1.9-PostgreSQL分布式架构与系统优缺点.md
,0,0,unknown
Analysis\1-数据库系统\1.1-PostgreSQL\1.1.9-分布式PostgreSQL架构设计.md,1,0,no
Analysis\1-数据库系统\1.1-PostgreSQL\1.1.9-分布式PostgreSQL架构设计.md
,0,0,unknown
Analysis\1-数据库系统\1.1-PostgreSQL\1.1.9-安全机制.md,1,0,no
Analysis\1-数据库系统\1.1-PostgreSQL\1.1.9-安全机制.md
,0,0,unknown
Analysis\1-数据库系统\1.1-PostgreSQL\1.1.90-数据库安全模型-访问控制与信息流安全的形式化.md,1,0,no
Analysis\1-数据库系统\1.1-PostgreSQL\1.1.90-数据库安全模型-访问控制与信息流安全的形式化.md
,0,0,unknown
Analysis\1-数据库系统\1.1-PostgreSQL\1.1.91-数据库审计与合规-完整性约束与审计轨迹的形式化.md,1,1,no
Analysis\1-数据库系统\1.1-PostgreSQL\1.1.91-数据库审计与合规-完整性约束与审计轨迹的形式化.md
,0,0,unknown
Analysis\1-数据库系统\1.1-PostgreSQL\1.1.92-数据库容错与高可用-故障模型与恢复策略的形式化.md,1,0,no
Analysis\1-数据库系统\1.1-PostgreSQL\1.1.92-数据库容错与高可用-故障模型与恢复策略的形式化.md
,0,0,unknown
Analysis\1-数据库系统\1.1-PostgreSQL\1.1.93-数据库性能调优-参数优化与自适应调整的形式化.md,1,0,no
Analysis\1-数据库系统\1.1-PostgreSQL\1.1.93-数据库性能调优-参数优化与自适应调整的形式化.md
,0,0,unknown
Analysis\1-数据库系统\1.1-PostgreSQL\1.1.94-数据库机器学习集成-模型管理与推理优化的形式化.md,1,0,no
Analysis\1-数据库系统\1.1-PostgreSQL\1.1.94-数据库机器学习集成-模型管理与推理优化的形式化.md
,0,0,unknown
Analysis\1-数据库系统\1.1-PostgreSQL\1.1.95-数据库图数据模型-图查询语言与图算法的形式化.md,1,0,no
Analysis\1-数据库系统\1.1-PostgreSQL\1.1.95-数据库图数据模型-图查询语言与图算法的形式化.md
,0,0,unknown
Analysis\1-数据库系统\1.1-PostgreSQL\1.1.96-数据库时序数据模型-时间序列分析与预测的形式化.md,1,1,no
Analysis\1-数据库系统\1.1-PostgreSQL\1.1.96-数据库时序数据模型-时间序列分析与预测的形式化.md
,0,0,unknown
Analysis\1-数据库系统\1.1-PostgreSQL\1.1.97-数据库空间数据模型-空间索引与空间查询的形式化.md,1,0,no
Analysis\1-数据库系统\1.1-PostgreSQL\1.1.97-数据库空间数据模型-空间索引与空间查询的形式化.md
,0,0,unknown
Analysis\1-数据库系统\1.1-PostgreSQL\1.1.98-数据库JSON数据模型-JSON查询与模式验证的形式化.md,1,0,no
Analysis\1-数据库系统\1.1-PostgreSQL\1.1.98-数据库JSON数据模型-JSON查询与模式验证的形式化.md
,0,0,unknown
Analysis\1-数据库系统\1.1-PostgreSQL\1.1.99-数据库XML数据模型-XML查询与XPath的形式化.md,1,0,no
Analysis\1-数据库系统\1.1-PostgreSQL\1.1.99-数据库XML数据模型-XML查询与XPath的形式化.md
,0,0,unknown
Analysis\1-数据库系统\1.1-PostgreSQL\100%完成执行计划.md,19,1,no
Analysis\1-数据库系统\1.1-PostgreSQL\100%完成执行计划.md
,0,0,unknown
Analysis\1-数据库系统\1.1-PostgreSQL\99-归档\归档计划与映射.md,1,9,no
Analysis\1-数据库系统\1.1-PostgreSQL\99-归档\归档计划与映射.md
,0,0,unknown
Analysis\1-数据库系统\1.1-PostgreSQL\99-归档\重复内容\1.1.1-PostgreSQL系统架构-重构版.md,1,0,no
Analysis\1-数据库系统\1.1-PostgreSQL\99-归档\重复内容\1.1.1-PostgreSQL系统架构-重构版.md
,0,0,unknown
Analysis\1-数据库系统\1.1-PostgreSQL\99-归档\重复内容\1.1.12-AI集成与智能数据库.md
,0,0,unknown
Analysis\1-数据库系统\1.1-PostgreSQL\99-归档\重复内容\1.1.144-PostgreSQL-2025年新特性深度分析.md,1,0,no
Analysis\1-数据库系统\1.1-PostgreSQL\99-归档\重复内容\1.1.144-PostgreSQL-2025年新特性深度分析.md
,0,0,unknown
Analysis\1-数据库系统\1.1-PostgreSQL\99-归档\重复内容\1.1.148-PostgreSQL查询优化器国际化标准定义.md
,0,0,unknown
Analysis\1-数据库系统\1.1-PostgreSQL\99-归档\重复内容\1.1.151-PostgreSQL与AI模型深度集成分析.md
,0,0,unknown
Analysis\1-数据库系统\1.1-PostgreSQL\99-归档\重复内容\1.1.19-PostgreSQL向量数据库深度集成.md,1,0,no
Analysis\1-数据库系统\1.1-PostgreSQL\99-归档\重复内容\1.1.19-PostgreSQL向量数据库深度集成.md
,0,0,unknown
Analysis\1-数据库系统\1.1-PostgreSQL\99-归档\重复内容\1.1.2-系统架构.md,1,1,no
Analysis\1-数据库系统\1.1-PostgreSQL\99-归档\重复内容\1.1.2-系统架构.md
,0,0,unknown
Analysis\1-数据库系统\1.1-PostgreSQL\99-归档\重复内容\1.1.21-PostgreSQL-2025最新特性全面分析.md
,0,0,unknown
Analysis\1-数据库系统\1.1-PostgreSQL\99-归档\重复内容\1.1.4-查询优化-增强版.md,0,1,no
Analysis\1-数据库系统\1.1-PostgreSQL\99-归档\重复内容\1.1.4-查询优化-增强版.md
,0,0,unknown
Analysis\1-数据库系统\1.1-PostgreSQL\99-归档\重复内容\1.1.6-AI与PostgreSQL集成.md,1,0,no
Analysis\1-数据库系统\1.1-PostgreSQL\99-归档\重复内容\1.1.6-AI与PostgreSQL集成.md
,0,0,unknown
Analysis\1-数据库系统\1.1-PostgreSQL\99-归档\重复内容\1.1.7-查询优化.md,1,0,no
Analysis\1-数据库系统\1.1-PostgreSQL\99-归档\重复内容\1.1.7-查询优化.md
,0,0,unknown
Analysis\1-数据库系统\1.1-PostgreSQL\99-归档\重复内容\README.md,1,0,no
Analysis\1-数据库系统\1.1-PostgreSQL\99-归档\重复内容\README.md
,0,0,unknown
Analysis\1-数据库系统\1.1-PostgreSQL\INDEX-重构版.md,1,1,no
Analysis\1-数据库系统\1.1-PostgreSQL\INDEX-重构版.md
,0,0,unknown
Analysis\1-数据库系统\1.1-PostgreSQL\INDEX.md,1,0,no
Analysis\1-数据库系统\1.1-PostgreSQL\INDEX.md
,0,0,unknown
Analysis\1-数据库系统\1.1-PostgreSQL\PostgreSQL-2025全栈分析完成报告.md,1,0,no
Analysis\1-数据库系统\1.1-PostgreSQL\PostgreSQL-2025全栈分析完成报告.md
,0,0,unknown
Analysis\1-数据库系统\1.1-PostgreSQL\PostgreSQL内容质量分析.md,2,0,no
Analysis\1-数据库系统\1.1-PostgreSQL\PostgreSQL内容质量分析.md
,0,0,unknown
Analysis\1-数据库系统\1.1-PostgreSQL\PostgreSQL内容质量分析与改进方案.md,3,1,no
Analysis\1-数据库系统\1.1-PostgreSQL\PostgreSQL内容质量分析与改进方案.md
,0,0,unknown
Analysis\1-数据库系统\1.1-PostgreSQL\PostgreSQL内容质量总结报告.md,2,0,no
Analysis\1-数据库系统\1.1-PostgreSQL\PostgreSQL内容质量总结报告.md
,0,0,unknown
Analysis\1-数据库系统\1.1-PostgreSQL\PostgreSQL国际化Wiki标准与知识规范对齐指南.md,3,0,no
Analysis\1-数据库系统\1.1-PostgreSQL\PostgreSQL国际化Wiki标准与知识规范对齐指南.md
,0,0,unknown
Analysis\1-数据库系统\1.1-PostgreSQL\PostgreSQL改进完成报告.md,2,0,no
Analysis\1-数据库系统\1.1-PostgreSQL\PostgreSQL改进完成报告.md
,0,0,unknown
Analysis\1-数据库系统\1.1-PostgreSQL\PostgreSQL改进实施指南.md,1,0,no
Analysis\1-数据库系统\1.1-PostgreSQL\PostgreSQL改进实施指南.md
,0,0,unknown
Analysis\1-数据库系统\1.1-PostgreSQL\PostgreSQL改进进度报告.md,3,0,no
Analysis\1-数据库系统\1.1-PostgreSQL\PostgreSQL改进进度报告.md
,0,0,unknown
Analysis\1-数据库系统\1.1-PostgreSQL\PostgreSQL知识图谱.md,1,0,no
Analysis\1-数据库系统\1.1-PostgreSQL\PostgreSQL知识图谱.md
,0,0,unknown
Analysis\1-数据库系统\1.1-PostgreSQL\PostgreSQL质量保证机制.md,5,0,no
Analysis\1-数据库系统\1.1-PostgreSQL\PostgreSQL质量保证机制.md
,0,0,unknown
Analysis\1-数据库系统\1.1-PostgreSQL\PostgreSQL重构完成报告-2025-09.md,1,4,no
Analysis\1-数据库系统\1.1-PostgreSQL\PostgreSQL重构完成报告-2025-09.md
,0,0,unknown
Analysis\1-数据库系统\1.1-PostgreSQL\PostgreSQL重构实施计划.md,4,11,no
Analysis\1-数据库系统\1.1-PostgreSQL\PostgreSQL重构实施计划.md
,0,0,unknown
Analysis\1-数据库系统\1.1-PostgreSQL\PostgreSQL项目全面重新梳理方案.md,3,8,no
Analysis\1-数据库系统\1.1-PostgreSQL\PostgreSQL项目全面重新梳理方案.md
,0,0,unknown
Analysis\1-数据库系统\1.1-PostgreSQL\PostgreSQL项目重构完成报告-最终版.md,3,2,no
Analysis\1-数据库系统\1.1-PostgreSQL\PostgreSQL项目重构完成报告-最终版.md
,0,0,unknown
Analysis\1-数据库系统\1.1-PostgreSQL\PostgreSQL项目重构完成报告.md,3,1,no
Analysis\1-数据库系统\1.1-PostgreSQL\PostgreSQL项目重构完成报告.md
,0,0,unknown
Analysis\1-数据库系统\1.1-PostgreSQL\README-重构版.md,2,0,no
Analysis\1-数据库系统\1.1-PostgreSQL\README-重构版.md
,0,0,unknown
Analysis\1-数据库系统\1.1-PostgreSQL\README.md,0,4,no
Analysis\1-数据库系统\1.1-PostgreSQL\README.md
,0,0,unknown
Analysis\1-数据库系统\1.1-PostgreSQL\bench\README.md,1,0,no
Analysis\1-数据库系统\1.1-PostgreSQL\bench\README.md
,0,0,unknown
Analysis\1-数据库系统\1.1-PostgreSQL\bench\feature_bench\README.md,4,0,no
Analysis\1-数据库系统\1.1-PostgreSQL\bench\feature_bench\README.md
,0,0,unknown
Analysis\1-数据库系统\1.1-PostgreSQL\bench\feature_bench\brin_parallel_build.md,2,0,no
Analysis\1-数据库系统\1.1-PostgreSQL\bench\feature_bench\brin_parallel_build.md
,0,0,unknown
Analysis\1-数据库系统\1.1-PostgreSQL\bench\feature_bench\in_clause_btree.md,2,0,no
Analysis\1-数据库系统\1.1-PostgreSQL\bench\feature_bench\in_clause_btree.md
,0,0,unknown
Analysis\1-数据库系统\1.1-PostgreSQL\bench\feature_bench\vacuum_memory_throughput.md,2,0,no
Analysis\1-数据库系统\1.1-PostgreSQL\bench\feature_bench\vacuum_memory_throughput.md
,0,0,unknown
Analysis\1-数据库系统\1.1-PostgreSQL\bench\pgbench-模板.md,1,0,no
Analysis\1-数据库系统\1.1-PostgreSQL\bench\pgbench-模板.md
,0,0,unknown
Analysis\1-数据库系统\1.1-PostgreSQL\bench\复制延迟-基准模板.md,1,0,no
Analysis\1-数据库系统\1.1-PostgreSQL\bench\复制延迟-基准模板.md
,0,0,unknown
Analysis\1-数据库系统\1.1-PostgreSQL\bench\混合查询-基准模板.md,1,0,no
Analysis\1-数据库系统\1.1-PostgreSQL\bench\混合查询-基准模板.md
,0,0,unknown
Analysis\1-数据库系统\1.1-PostgreSQL\cases\README.md,1,0,no
Analysis\1-数据库系统\1.1-PostgreSQL\cases\README.md
,0,0,unknown
Analysis\1-数据库系统\1.1-PostgreSQL\cases\向量检索与RAG.md,4,0,no
Analysis\1-数据库系统\1.1-PostgreSQL\cases\向量检索与RAG.md
,0,0,unknown
Analysis\1-数据库系统\1.1-PostgreSQL\cases\实时推荐.md,3,0,no
Analysis\1-数据库系统\1.1-PostgreSQL\cases\实时推荐.md
,0,0,unknown
Analysis\1-数据库系统\1.1-PostgreSQL\cases\性能问题-案例库.md,1,0,no
Analysis\1-数据库系统\1.1-PostgreSQL\cases\性能问题-案例库.md
,0,0,unknown
Analysis\1-数据库系统\1.1-PostgreSQL\cases\时序监控.md,3,0,no
Analysis\1-数据库系统\1.1-PostgreSQL\cases\时序监控.md
,0,0,unknown
Analysis\1-数据库系统\1.1-PostgreSQL\cases\金融账务一致性.md,3,0,no
Analysis\1-数据库系统\1.1-PostgreSQL\cases\金融账务一致性.md
,0,0,unknown
Analysis\1-数据库系统\1.1-PostgreSQL\knowledge_map.md,1,0,no
Analysis\1-数据库系统\1.1-PostgreSQL\knowledge_map.md
,0,0,unknown
Analysis\1-数据库系统\1.1-PostgreSQL\quality_report.json,0,4,unknown
Analysis\1-数据库系统\1.1-PostgreSQL\runbook\01-性能调优-变更闭环.md,1,0,no
Analysis\1-数据库系统\1.1-PostgreSQL\runbook\01-性能调优-变更闭环.md
,0,0,unknown
Analysis\1-数据库系统\1.1-PostgreSQL\runbook\02-监控与诊断-落地指南.md,1,0,no
Analysis\1-数据库系统\1.1-PostgreSQL\runbook\02-监控与诊断-落地指南.md
,0,0,unknown
Analysis\1-数据库系统\1.1-PostgreSQL\runbook\03-集群与高可用-演练SOP.md,1,0,no
Analysis\1-数据库系统\1.1-PostgreSQL\runbook\03-集群与高可用-演练SOP.md
,0,0,unknown
Analysis\1-数据库系统\1.1-PostgreSQL\runbook\04-向量检索与混合查询-落地指南.md,1,0,no
Analysis\1-数据库系统\1.1-PostgreSQL\runbook\04-向量检索与混合查询-落地指南.md
,0,0,unknown
Analysis\1-数据库系统\1.1-PostgreSQL\runbook\05-图数据库与Cypher-落地指南.md,1,0,no
Analysis\1-数据库系统\1.1-PostgreSQL\runbook\05-图数据库与Cypher-落地指南.md
,0,0,unknown
Analysis\1-数据库系统\1.1-PostgreSQL\runbook\06-日志与可观测性-落地指南.md,1,0,no
Analysis\1-数据库系统\1.1-PostgreSQL\runbook\06-日志与可观测性-落地指南.md
,0,0,unknown
Analysis\1-数据库系统\1.1-PostgreSQL\runbook\README.md,1,0,no
Analysis\1-数据库系统\1.1-PostgreSQL\runbook\README.md
,0,0,unknown
Analysis\1-数据库系统\1.1-PostgreSQL\runbook\变更与回滚.md,3,0,no
Analysis\1-数据库系统\1.1-PostgreSQL\runbook\变更与回滚.md
,0,0,unknown
Analysis\1-数据库系统\1.1-PostgreSQL\runbook\增量备份与恢复.md,4,3,no
Analysis\1-数据库系统\1.1-PostgreSQL\runbook\增量备份与恢复.md
,0,0,unknown
Analysis\1-数据库系统\1.1-PostgreSQL\runbook\故障切换与订阅重建.md,2,0,no
Analysis\1-数据库系统\1.1-PostgreSQL\runbook\故障切换与订阅重建.md
,0,0,unknown
Analysis\1-数据库系统\1.1-PostgreSQL\runbook\监控与可观测.md,4,0,no
Analysis\1-数据库系统\1.1-PostgreSQL\runbook\监控与可观测.md
,0,0,unknown
Analysis\1-数据库系统\1.1-PostgreSQL\spec\README.md,1,0,no
Analysis\1-数据库系统\1.1-PostgreSQL\spec\README.md
,0,0,unknown
Analysis\1-数据库系统\1.1-PostgreSQL\spec\参数模板与负载画像.md,1,0,no
Analysis\1-数据库系统\1.1-PostgreSQL\spec\参数模板与负载画像.md
,0,0,unknown
Analysis\1-数据库系统\1.1-PostgreSQL\spec\变更票据模板.md,1,0,no
Analysis\1-数据库系统\1.1-PostgreSQL\spec\变更票据模板.md
,0,0,unknown
Analysis\1-数据库系统\1.1-PostgreSQL\spec\查询重写与代价边界-规范纲要.md,4,0,no
Analysis\1-数据库系统\1.1-PostgreSQL\spec\查询重写与代价边界-规范纲要.md
,0,0,unknown
Analysis\1-数据库系统\1.1-PostgreSQL\spec\隔离级别与异常谱-规范纲要.md,6,0,no
Analysis\1-数据库系统\1.1-PostgreSQL\spec\隔离级别与异常谱-规范纲要.md
,0,0,unknown
Analysis\1-数据库系统\1.1-PostgreSQL\sql\README.md,1,0,no
Analysis\1-数据库系统\1.1-PostgreSQL\sql\README.md
,0,0,unknown
Analysis\1-数据库系统\1.1-PostgreSQL\sql\feature_tests\README.md,2,0,no
Analysis\1-数据库系统\1.1-PostgreSQL\sql\feature_tests\README.md
,0,0,unknown
Analysis\1-数据库系统\1.1-PostgreSQL\sql\feature_tests\explain_memory.sql,1,0,unknown
Analysis\1-数据库系统\1.1-PostgreSQL\sql\feature_tests\json_table.sql,2,0,unknown
Analysis\1-数据库系统\1.1-PostgreSQL\sql\feature_tests\logical_rep_setup.sql,1,0,unknown
Analysis\1-数据库系统\1.1-PostgreSQL\sql\feature_tests\merge_returning.sql,1,0,unknown
Analysis\1-数据库系统\1.1-PostgreSQL\发布说明-本次批量完善.md,8,0,no
Analysis\1-数据库系统\1.1-PostgreSQL\发布说明-本次批量完善.md
,0,0,unknown
Analysis\1-数据库系统\1.1-PostgreSQL\国际化Wiki标准实施指南.md,2,0,no
Analysis\1-数据库系统\1.1-PostgreSQL\国际化Wiki标准实施指南.md
,0,0,unknown
Analysis\1-数据库系统\1.1-PostgreSQL\批判性评价总结报告.md,6,1,no
Analysis\1-数据库系统\1.1-PostgreSQL\批判性评价总结报告.md
,0,0,unknown
Analysis\1-数据库系统\1.1-PostgreSQL\批量重构工具.py,2,0,unknown
Analysis\1-数据库系统\1.1-PostgreSQL\改进实施指南-批判性评价版.md,4,0,no
Analysis\1-数据库系统\1.1-PostgreSQL\改进实施指南-批判性评价版.md
,0,0,unknown
Analysis\1-数据库系统\1.1-PostgreSQL\改进实施指南.md,1,0,no
Analysis\1-数据库系统\1.1-PostgreSQL\改进实施指南.md
,0,0,unknown
Analysis\1-数据库系统\1.1-PostgreSQL\改进示例-SQL语言规范.md,1,0,no
Analysis\1-数据库系统\1.1-PostgreSQL\改进示例-SQL语言规范.md
,0,0,unknown
Analysis\1-数据库系统\1.1-PostgreSQL\改进进度跟踪.md,10,0,no
Analysis\1-数据库系统\1.1-PostgreSQL\改进进度跟踪.md
,0,0,unknown
Analysis\1-数据库系统\1.1-PostgreSQL\文件质量评估工具.py,2,0,unknown
Analysis\1-数据库系统\1.1-PostgreSQL\示例-系统架构.md,1,0,no
Analysis\1-数据库系统\1.1-PostgreSQL\示例-系统架构.md
,0,0,unknown
Analysis\1-数据库系统\1.1-PostgreSQL\统一内容模板.md,1,0,no
Analysis\1-数据库系统\1.1-PostgreSQL\统一内容模板.md
,0,0,unknown
Analysis\1-数据库系统\1.1-PostgreSQL\重构方案设计.md,3,2,no
Analysis\1-数据库系统\1.1-PostgreSQL\重构方案设计.md
,0,0,unknown
Analysis\1-数据库系统\1.1-PostgreSQL\项目总结-100%完成.md,4,0,no
Analysis\1-数据库系统\1.1-PostgreSQL\项目总结-100%完成.md
,0,0,unknown
